movieTitle,director,actorNamesList,movieTypesList,movieRateList,movieYearList
No Time to Die,Cary Joji Fukunaga,"['Daniel Craig', 'Ana de Armas', 'Rami Malek', 'Léa Seydoux', 'Lashana Lynch', 'Ralph Fiennes', 'Ben Whishaw', 'Naomie Harris', 'Rory Kinnear', 'Jeffrey Wright', 'Billy Magnussen', 'Christoph Waltz', 'David Dencik', 'Dali Benssalah', 'Lisa-Dorah Sonnet', 'Coline Defaud', 'Mathilde Bourbin', 'Hugh Dennis']","['Action', 'Adventure', 'Thriller']",7.6,2021
Dune,Denis Villeneuve,"['Timothée Chalamet', 'Rebecca Ferguson', 'Zendaya', 'Oscar Isaac', 'Jason Momoa', 'Stellan Skarsgård', 'Stephen McKinley Henderson', 'Josh Brolin', 'Javier Bardem', 'Sharon Duncan-Brewster', 'Chen Chang', 'Dave Bautista', 'David Dastmalchian', 'Charlotte Rampling', 'Babs Olusanmokun', 'Benjamin Clémentine', 'Souad Faress', 'Golda Rosheuvel']","['Action', 'Adventure', 'Drama']",8.3,2021
Halloween Kills,David Gordon Green,"['Jamie Lee Curtis', 'Judy Greer', 'Andi Matichak', 'James Jude Courtney', 'Nick Castle', 'Airon Armstrong', 'Will Patton', 'Thomas Mann', 'Jim Cummings', 'Dylan Arnold', 'Robert Longstreet', 'Anthony Michael Hall', 'Charles Cyphers', 'Scott MacArthur', 'Michael McDonald', 'Ross Bacon', 'Kyle Richards', 'Nancy Stephens']","['Horror', 'Thriller']",5.8,2021
The Last Duel,Ridley Scott,"['Matt Damon', 'Adam Driver', 'Jodie Comer', 'Harriet Walter', 'Ben Affleck', 'Alex Lawther', 'Marton Csokas', 'William Houston', 'Oliver Cotton', 'Aurélien Lorgnier', 'Nathaniel Parker', 'Tallulah Haddon', 'Bryony Hannah', 'Thomas Silberstein', 'Adam Goodwin', 'Ian Pirie', 'Daniel Horn', 'Michael McElhatton']","['Action', 'Drama', 'History']",7.7,2021
Venom: Let There Be Carnage,Andy Serkis,"['Tom Hardy', 'Woody Harrelson', 'Michelle Williams', 'Naomie Harris', 'Reid Scott', 'Stephen Graham', 'Peggy Lu', 'Sian Webber', 'Michelle Greenidge', 'Rob Bowen', 'Laurence Spellman', 'Little Simz', 'Jack Bandeira', 'Olumide Olorunfemi', 'Scroobius Pip', 'Amrou Al-Kadhi', 'Beau Sargent', 'Brian Copeland']","['Action', 'Adventure', 'Sci-Fi']",6.4,2021
The Guilty,Antoine Fuqua,"['Jake Gyllenhaal', 'Riley Keough', 'Peter Sarsgaard', 'Christina Vidal', 'Eli Goree', 'Ethan Hawke', ""Da'Vine Joy Randolph"", 'Christiana Montoya', 'David Castañeda', 'Adrian Martinez', 'Oscar Balderrama', 'Becky Wu', 'Bret Eric Porter', 'Maurice Webster', 'Beau Knapp', 'Edi Patterson', 'Paul Dano', 'Gillian Zinser']","['Crime', 'Drama', 'Thriller']",6.3,2021
Free Guy,Shawn Levy,"['Ryan Reynolds', 'Jodie Comer', 'Taika Waititi', 'Lil Rel Howery', 'Joe Keery', 'Utkarsh Ambudkar', 'Aaron W Reed', 'Britne Oldford', 'Camille Kostek', 'Mark Lainer', 'Mike Devine', 'Sophie Levy', 'Vernon Scott', 'Naheem Garcia', 'Anabel Graetz', 'Ric Plamenco', 'Kenneth Israel', 'Michael Malvesti']","['Action', 'Adventure', 'Comedy']",7.2,2021
Black Widow,Cate Shortland,"['Scarlett Johansson', 'Florence Pugh', 'David Harbour', 'Rachel Weisz', 'Ray Winstone', 'Ever Anderson', 'Violet McGraw', 'O-T Fagbenle', 'William Hurt', 'Olga Kurylenko', 'Ryan Kiera Armstrong', 'Liani Samuel', 'Michelle Lee', 'Lewis Young', 'C.C. Smiff', 'Nanna Blondell', 'Simona Zivkovska', 'Erin Jameson']","['Action', 'Adventure', 'Sci-Fi']",6.8,2021
The Many Saints of Newark,Alan Taylor,"['Alessandro Nivola', 'Leslie Odom Jr.', 'Jon Bernthal', 'Vera Farmiga', 'Corey Stoll', 'Ray Liotta', 'Michela De Rossi', 'Michael Gandolfini', 'Billy Magnussen', 'John Magaro', 'Michael Imperioli', 'Samson Moeakiola', 'Joey Diaz', 'Germar Terrell Gardner', 'Alexandra Intrator', 'Gabriella Piazza', 'Mason Bleu', 'Aaron Joshua']","['Crime', 'Drama']",6.4,2021
Eternals,Chloé Zhao,"['Gemma Chan', 'Richard Madden', 'Angelina Jolie', 'Salma Hayek', 'Kit Harington', 'Kumail Nanjiani', 'Lia McHugh', 'Brian Tyree Henry', 'Lauren Ridloff', 'Barry Keoghan', 'Ma Dong-seok', 'Harish Patel', 'Haaz Sleiman', 'Esai Daniel Cross', 'Alan Scott', 'Hannah Dodd', 'Adria Escudero', 'Sebastián Capitán Viveros']","['Action', 'Adventure', 'Drama']",6.9,2021
Halloween,John Carpenter,"['Donald Pleasence', 'Jamie Lee Curtis', 'Tony Moran', 'Nancy Kyes', 'P.J. Soles', 'Charles Cyphers', 'Kyle Richards', 'Brian Andrews', 'John Michael Graham', 'Nancy Stephens', 'Arthur Malet', 'Mickey Yablans', 'Brent Le Page', 'Adam Hollander', 'Robert Phalen', 'Will Sandin', 'Sandy Johnson', 'David Kyle']","['Horror', 'Thriller']",7.7,1978
Spectre,Sam Mendes,"['Daniel Craig', 'Christoph Waltz', 'Léa Seydoux', 'Ralph Fiennes', 'Monica Bellucci', 'Ben Whishaw', 'Naomie Harris', 'Dave Bautista', 'Andrew Scott', 'Rory Kinnear', 'Jesper Christensen', 'Alessandro Cremona', 'Stephanie Sigman', 'Tenoch Huerta', 'Adriana Paz', 'Domenico Fortunato', 'Marco Zingaro', 'Stefano Elfi DiClaudia']","['Action', 'Adventure', 'Thriller']",6.8,2015
The Black Phone,Scott Derrickson,"['Ethan Hawke', 'Jeremy Davies', 'James Ransone', 'Madeleine McGraw', 'Mason Thames', 'J. Gaven Wilde', 'Gina Jun', 'Robert Fortunato', 'Kellan Rhude', 'Braxton Alexander', 'E. Roger Mitchell', 'Michael Banks Repeta', 'Jacob Moran', 'Reagan Shumate', 'Brady Hepner', 'Hailey Nicole Ralston', 'Tristan Pravong', 'Troy Rudeseal']",['Horror'],8.5,2021
Casino Royale,Martin Campbell,"['Daniel Craig', 'Eva Green', 'Judi Dench', 'Jeffrey Wright', 'Mads Mikkelsen', 'Giancarlo Giannini', 'Caterina Murino', 'Simon Abkarian', 'Isaach De Bankolé', 'Jesper Christensen', 'Ivana Milicevic', 'Tobias Menzies', 'Claudio Santamaria', 'Sebastien Foucan', 'Malcolm Sinclair', 'Richard Sammel', 'Ludger Pistor', 'Joseph Millson']","['Action', 'Adventure', 'Thriller']",8.0,2006
Shang-Chi and the Legend of the Ten Rings,Destin Daniel Cretton,"['Simu Liu', 'Awkwafina', 'Tony Chiu-Wai Leung', 'Ben Kingsley', ""Meng'er Zhang"", 'Fala Chen', 'Michelle Yeoh', 'Wah Yuen', 'Florian Munteanu', 'Andy Le', 'Paul W. He', 'Jayden Zhang', 'Elodie Fong', 'Arnold Sun', 'Stephanie Hsu', 'Kunal Dudheker', 'Tsai Chin', 'Jodi Long']","['Action', 'Adventure', 'Fantasy']",7.9,2021
There's Someone Inside Your House,Patrick Brice,"['Sydney Park', 'Théodore Pellerin', 'Asjha Cooper', 'Dale Whibley', 'Jesse LaTourette', 'Burkely Duffield', 'Diego Josef', 'Zane Clifford', 'BJ Harrison', 'Emilija Baranac', 'Jade Falcon', 'William Edward', 'Anthony Timpano', 'Aason Nadjiwan', 'Sarah Dugdale', 'William MacDonald', 'Andrew Dunbar', 'Adrian Hough']","['Horror', 'Mystery', 'Thriller']",4.8,2021
Old Henry,Potsy Ponciroli,"['Tim Blake Nelson', 'Scott Haze', 'Gavin Lewis', 'Trace Adkins', 'Stephen Dorff', 'Max Arciniega', 'Brad Carter', 'Kent Shelton', 'Richard Speight Jr.']","['Thriller', 'Western']",7.2,2021
Hocus Pocus,Kenny Ortega,"['Bette Midler', 'Sarah Jessica Parker', 'Kathy Najimy', 'Omri Katz', 'Thora Birch', 'Vinessa Shaw', 'Amanda Shepherd', 'Larry Bagby', 'Tobias Jelinek', 'Stephanie Faracy', 'Charles Rocket', 'Doug Jones', 'Karyn Malchus', 'Sean Murray', 'Steve Voboril', 'Norbert Weisser', 'Kathleen Freeman', 'D.A. Pauley']","['Comedy', 'Family', 'Fantasy']",6.9,1993
Scream,Wes Craven,"['Neve Campbell', 'Courteney Cox', 'David Arquette', 'Skeet Ulrich', 'Drew Barrymore', 'Roger Jackson', 'Kevin Patrick Walls', 'David Booth', 'Carla Hatley', 'Lawrence Hecht', 'W. Earl Brown', 'Rose McGowan', 'Lois Saunders', 'Joseph Whipp', 'Matthew Lillard', 'Jamie Kennedy', 'Lisa Beach', 'Tony Kilbert']","['Horror', 'Mystery']",7.3,1996
Halloween,David Gordon Green,"['Jamie Lee Curtis', 'Judy Greer', 'Andi Matichak', 'James Jude Courtney', 'Nick Castle', 'Haluk Bilginer', 'Will Patton', 'Rhian Rees', 'Jefferson Hall', 'Toby Huss', 'Virginia Gardner', 'Dylan Arnold', 'Miles Robbins', 'Drew Scheid', 'Jibrail Nantambu', ""Michael 'Mick' Harrity"", 'William Matthew Anderson', 'Diva Tyler']","['Crime', 'Horror', 'Thriller']",6.6,2018
Injustice,Matt Peters,"['Justin Hartley', 'Anson Mount', 'Laura Bailey', 'Zach Callison', 'Brian T. Delaney', 'Brandon Micheal Hall', 'Andrew Morgado', 'Edwin Hodge', 'Oliver Hudson', 'Gillian Jacobs', 'Yuri Lowenthal', 'Derek Phillips', 'Kevin Pollak', 'Anika Noni Rose', 'Reid Scott', 'Faran Tahir', 'Fred Tatasciore', 'Janet Varney']","['Animation', 'Action', 'Adventure']",6.3,2021
Old,M. Night Shyamalan,"['Gael García Bernal', 'Vicky Krieps', 'Rufus Sewell', 'Alex Wolff', 'Thomasin McKenzie', 'Abbey Lee', 'Nikki Amuka-Bird', 'Ken Leung', 'Eliza Scanlen', 'Aaron Pierre', 'Embeth Davidtz', 'Emun Elliott', 'Alexa Swinton', 'Gustaf Hammarsten', 'Kathleen Chalfant', 'Francesca Eastwood', 'Nolan River', 'Luca Faustino Rodriguez']","['Drama', 'Horror', 'Mystery']",5.8,2021
The French Dispatch,Wes Anderson,"['Benicio Del Toro', 'Adrien Brody', 'Tilda Swinton', 'Léa Seydoux', 'Frances McDormand', 'Timothée Chalamet', 'Lyna Khoudri', 'Jeffrey Wright', 'Mathieu Amalric', 'Steve Park', 'Bill Murray', 'Owen Wilson', 'Bob Balaban', 'Henry Winkler', 'Lois Smith', 'Tony Revolori', 'Denis Ménochet', 'Larry Pine']","['Comedy', 'Drama', 'Romance']",7.5,2021
Malignant,James Wan,"['Annabelle Wallis', 'Maddie Hasson', 'George Young', 'Michole Briana White', 'Jean Louisa Kelly', 'Susanna Thompson', 'Jake Abel', 'Jacqueline McKenzie', 'Christian Clemenson', 'Amir AboulEla', 'Mercedes Colon', 'Ingrid Bisu', 'Ruben Pla', 'Jon Lee Brody', 'Paula Marshall', 'Zoë Bell', 'Dan Ramos', 'Shaunte Lynette Johnson']","['Crime', 'Horror', 'Mystery']",6.3,2021
Venom,Ruben Fleischer,"['Tom Hardy', 'Michelle Williams', 'Riz Ahmed', 'Scott Haze', 'Reid Scott', 'Jenny Slate', 'Melora Walters', 'Woody Harrelson', 'Peggy Lu', 'Malcolm C. Murray', 'Sope Aluko', 'Wayne Pére', 'Michelle Lee', 'Kurt Yue', ""Chris O'Hara"", 'Emilio Rivera', 'Amelia Young', 'Ariadne Joseph']","['Action', 'Adventure', 'Sci-Fi']",6.7,2018
Skyfall,Sam Mendes,"['Daniel Craig', 'Javier Bardem', 'Naomie Harris', 'Judi Dench', 'Ralph Fiennes', 'Bérénice Marlohe', 'Albert Finney', 'Ben Whishaw', 'Rory Kinnear', 'Ola Rapace', 'Helen McCrory', 'Nicholas Woodeson', 'Bill Buckhurst', 'Elize du Toit', 'Ian Bonar', 'Gordon Milne', 'Peter Basham', 'Ben Loyd-Holmes']","['Action', 'Adventure', 'Thriller']",7.8,2012
Dune,David Lynch,"['Kyle MacLachlan', 'Virginia Madsen', 'Francesca Annis', 'Leonardo Cimino', 'Brad Dourif', 'José Ferrer', 'Linda Hunt', 'Freddie Jones', 'Richard Jordan', 'Silvana Mangano', 'Everett McGill', 'Kenneth McMillan', 'Jack Nance', 'Siân Phillips', 'Jürgen Prochnow', 'Paul L. Smith', 'Patrick Stewart', 'Sting']","['Action', 'Adventure', 'Sci-Fi']",6.4,1984
The Night House,David Bruckner,"['Rebecca Hall', 'Sarah Goldberg', 'Vondie Curtis-Hall', 'Evan Jonigkeit', 'Stacy Martin', 'David Abeles', 'Christina Jackson', 'Patrick Klein', 'Crystal Swann', 'Catherine Weidner', 'Laura Austin', 'Jacob Garrett White', 'Samantha Buck', 'Lydia Hand', 'Lea Enslin', 'Amy Zubieta', 'Allie McCulloch', 'Amber Anne']","['Horror', 'Mystery', 'Thriller']",6.5,2020
Copshop,Joe Carnahan,"['Frank Grillo', 'Gerard Butler', 'Alexis Louder', 'Toby Huss', 'Chad L. Coleman', ""Ryan O'Nan"", 'Jose Pablo Cantillo', 'Tait Fletcher', 'Gianni Calchetti', 'Keith Jardine', 'Armida Lopez', 'Kaiwi Lyman', 'Robert Walker Branchaud', 'Tracey Bonner', 'Yvette Fazio-Delaney', 'David Vaughn', 'Marshall Cook', 'Marco Morales']","['Action', 'Crime', 'Thriller']",6.3,2021
Cruella,Craig Gillespie,"['Emma Stone', 'Emma Thompson', 'Joel Fry', 'Paul Walter Hauser', 'John McCrea', 'Emily Beecham', 'Mark Strong', 'Kayvan Novak', 'Kirby Howell-Baptiste', 'Jamie Demetriou', 'Niamh Lynch', 'Andrew Leung', 'Ed Birch', 'Dylan Lowe', 'Paul Bazely', 'Abraham Popoola', 'Leo Bill', 'Ninette Finch']","['Adventure', 'Comedy', 'Crime']",7.4,2021
Last Night in Soho,Edgar Wright,"['Thomasin McKenzie', 'Anya Taylor-Joy', 'Matt Smith', 'Diana Rigg', 'Aimee Cassettari', 'Rita Tushingham', 'Colin Mace', 'Synnove Karlsen', 'Jessie Mei Li', 'Kassius Nelson', 'Rebecca Harrod', 'Alan Mahon', 'Connor Calland', 'Pauline McLynn', 'Josh Zaré', 'Terence Stamp', 'Jacqui-Lee Pryce', 'Elizabeth Berrington']","['Drama', 'Horror', 'Mystery']",7.3,2021
Lamb,Valdimar Jóhannsson,"['Noomi Rapace', 'Hilmir Snær Guðnason', 'Björn Hlynur Haraldsson', 'Ingvar Sigurdsson', 'Ester Bibi']","['Drama', 'Horror', 'Mystery']",6.6,2021
The Suicide Squad,James Gunn,"['Margot Robbie', 'Idris Elba', 'John Cena', 'Joel Kinnaman', 'Michael Rooker', 'Viola Davis', 'John Ostrander', 'Nathan Fillion', 'Jai Courtney', 'Flula Borg', 'Mayling Ng', 'Pete Davidson', 'Sean Gunn', 'Stephen Blackehart', 'Steve Agee', 'Tinashe Kajese', 'Jennifer Holland', 'Fernando Martinez']","['Action', 'Adventure', 'Comedy']",7.3,2021
Quantum of Solace,Marc Forster,"['Daniel Craig', 'Olga Kurylenko', 'Mathieu Amalric', 'Judi Dench', 'Giancarlo Giannini', 'Gemma Arterton', 'Jeffrey Wright', 'David Harbour', 'Jesper Christensen', 'Anatole Taubman', 'Rory Kinnear', 'Tim Pigott-Smith', 'Joaquín Cosio', 'Fernando Guillén Cuervo', 'Jesús Ochoa', 'Lucrezia Lante della Rovere', 'Glenn Foster', 'Paul Ritter']","['Action', 'Adventure', 'Thriller']",6.6,2008
The Addams Family 2,Greg Tiernan,"['Oscar Isaac', 'Charlize Theron', 'Chloë Grace Moretz', ""Javon 'Wanna' Walton"", 'Nick Kroll', 'Snoop Dogg', 'Bette Midler', 'Conrad Vernon', 'Bill Hader', 'Wallace Shawn', 'Brian Sommer', 'Griffin Burns', 'Courtenay Taylor', 'Ted Evans', 'Cherami Leigh', 'Mary Faber', 'Ava Luna Floisand', 'Kyla Pratt']","['Animation', 'Adventure', 'Comedy']",5.3,2021
Titane,Julia Ducournau,"['Vincent Lindon', 'Agathe Rousselle', 'Garance Marillier', 'Laïs Salameh', 'Mara Cisse', 'Marin Judas', 'Diong-Kéba Tacu', 'Myriem Akheddiou', 'Bertrand Bonello', 'Céline Carrère', 'Adèle Guigue', 'Thibault Cathalifaud', 'Dominique Frot', 'Lamine Cissokho', 'Florence Janas', 'Frédéric Jardin', 'Olivia Venner', 'Thibault Villette']","['Drama', 'Horror', 'Sci-Fi']",6.9,2021
The Green Knight,David Lowery,"['Dev Patel', 'Alicia Vikander', 'Joel Edgerton', 'Sarita Choudhury', 'Anaïs Rizzo', 'Joe Anderson', 'Noelle Brown', 'Nita Mishra', 'Tara Mae', 'Atheena Frizzell', 'Sean Harris', 'Kate Dickie', 'Chris McHallem', 'Ralph Ineson', ""Emmet O'Brien"", 'Brendan Conroy', 'Donncha Crowley', 'Barry Keoghan']","['Adventure', 'Drama', 'Fantasy']",6.6,2021
Knives Out,Rian Johnson,"['Daniel Craig', 'Chris Evans', 'Ana de Armas', 'Jamie Lee Curtis', 'Michael Shannon', 'Don Johnson', 'Toni Collette', 'LaKeith Stanfield', 'Christopher Plummer', 'Katherine Langford', 'Jaeden Martell', 'Riki Lindhome', 'Edi Patterson', 'Frank Oz', 'K Callan', 'Noah Segan', 'M. Emmet Walsh', 'Marlene Forte']","['Comedy', 'Crime', 'Drama']",7.9,2019
The Forgotten Battle,Matthijs van Heijningen Jr.,"['Gijs Blom', 'Jamie Flatters', 'Susan Radder', 'Jan Bijvoet', 'Tom Felton', 'Coen Bril', 'Theo Barklem-Biggs', 'Scott Reid', 'Marthe Schneider', 'Ronald Kalter', 'Hajo Bruins', 'Justus von Dohnányi', 'Joep Paddenburg', 'Mark van Eeuwen', 'Vincent van den Berg', 'Sytse Faber', 'Rutger de Bekker', 'Bianca Krijgsman']","['Drama', 'War']",7.2,2020
Fauci,John Hoffman,"['Bono', 'George W. Bush', 'Francis Collins', 'Anthony Fauci', 'Jennifer Fauci', 'Thomas Frieden', 'Laurie Garrett', 'Bill Gates', 'Christine Grady', 'Larry Kramer', 'Apoorva Mandavilli', 'Susan Rice', 'Peter Staley']","['Documentary', 'Biography', 'History']",5.8,2021
Antlers,Scott Cooper,"['Keri Russell', 'Jesse Plemons', 'Jeremy T. Thomas', 'Graham Greene', 'Scott Haze', 'Rory Cochrane', 'Amy Madigan', 'Sawyer Jones', 'Cody Davis', 'Lyla Marlow', 'Jesse Downs', 'Arlo Hajdu', 'Dorian Kingi', 'Ken Kramer', 'Dendrie Taylor', 'Andy Thompson', 'Jake T. Roberts', 'Glynis Davies']","['Drama', 'Horror', 'Mystery']",6.2,2021
Voyagers,Neil Burger,"['Colin Farrell', 'Tye Sheridan', 'Lily-Rose Depp', 'Fionn Whitehead', 'Chanté Adams', 'Quintessa Swindell', 'Archie Madekwe', 'Isaac Hempstead Wright', 'Viveik Kalra', 'Madison Hu', 'Archie Renaux', 'Wern Lee', 'April Grace', 'Laura Dreyfuss', 'Veronica Falcón', 'Patrick Bucur', 'Rufus Bateman', 'Jaquelin Capusan']","['Adventure', 'Sci-Fi', 'Thriller']",5.4,2021
Promising Young Woman,Emerald Fennell,"['Carey Mulligan', 'Bo Burnham', 'Alison Brie', 'Clancy Brown', 'Adam Brody', 'Ray Nicholson', 'Sam Richardson', 'Timothy E. Goodwin', 'Jennifer Coolidge', 'Laverne Cox', 'Alli Hart', 'Loren Paul', 'Scott Aschenbrenner', 'Christopher Mintz-Plasse', 'Gabriel Oliva', 'Bryan Lillis', 'Francisca Estevez', 'Lorna Scott']","['Crime', 'Drama', 'Thriller']",7.5,2020
Parasite,Bong Joon Ho,"['Kang-ho Song', 'Sun-kyun Lee', 'Yeo-jeong Cho', 'Woo-sik Choi', 'So-dam Park', 'Lee Jeong-eun', 'Jang Hye-jin', 'Park Myeong-hoon', 'Ji-so Jung', 'Hyun-jun Jung', 'Keun-rok Park', 'Yi-Seo Jung', 'Jae-myeong Jo', 'Ik-han Jung', 'Kyu-baek Kim', 'Hwang In Kyung', 'Ahn Seong-Bong', 'Kim Jin Hyung']","['Comedy', 'Drama', 'Thriller']",8.6,2019
Candyman,Nia DaCosta,"['Yahya Abdul-Mateen II', 'Teyonah Parris', 'Nathan Stewart-Jarrett', 'Colman Domingo', 'Kyle Kaminsky', 'Vanessa Williams', 'Brian King', 'Miriam Moss', 'Rebecca Spence', 'Carl Clemons-Hopkins', 'Christiana Clark', 'Michael Hargrove', 'Rodney L Jones III', 'Heidi Grace Engerman', 'Ireon Roach', 'Breanna Lind', 'Malic White', 'Sarah Wisterman']","['Horror', 'Thriller']",6.0,2021
V/H/S/94,Simon Barrett,"['Anna Hopkins', 'Christian Potenza', 'Brian Paul', 'Tim Campbell', 'Gina Phillips', 'Hume Baugh', 'Sean Sullivan', 'Thiago Dos Santos', 'Sophia Machula', 'Sean Patrick Dolan', 'Anthony Perpuse', 'Kyle Durack', 'Demetri Kellesis', 'Conor Sweeney', 'Kyal Legend', 'Devin Chin-Cheong', 'Daniel Matmor', 'Adam Kenneth Wilson']","['Horror', 'Mystery', 'Thriller']",5.5,2021
Titanic,James Cameron,"['Leonardo DiCaprio', 'Kate Winslet', 'Billy Zane', 'Kathy Bates', 'Frances Fisher', 'Gloria Stuart', 'Bill Paxton', 'Bernard Hill', 'David Warner', 'Victor Garber', 'Jonathan Hyde', 'Suzy Amis', 'Lewis Abernathy', 'Nicholas Cascone', 'Anatoly M. Sagalevitch', 'Danny Nucci', 'Jason Barry', 'Ewan Stewart']","['Drama', 'Romance']",7.8,1997
Dear Evan Hansen,Stephen Chbosky,"['Ben Platt', 'Julianne Moore', 'Kaitlyn Dever', 'Amy Adams', 'Danny Pino', 'Amandla Stenberg', 'Colton Ryan', 'Nik Dodani', 'DeMarius Copes', 'Liz Kate', 'Zoey Luna', 'Isaac Powell', 'Marvin Leon', 'Hadiya Eshé', 'Julia Chen Myers', 'Gerald Caesar', 'Avery Bederman', 'Swift Rice']","['Drama', 'Musical']",6.1,2021
A Nightmare on Elm Street,Wes Craven,"['Heather Langenkamp', 'Johnny Depp', 'Robert Englund', 'John Saxon', 'Ronee Blakley', 'Amanda Wyss', 'Jsu Garcia', 'Charles Fleischer', 'Joseph Whipp', 'Lin Shaye', 'Joe Unger', 'Mimi Craven', 'Jack Shea', 'Ed Call', 'Sandy Lipton', 'David Andrews', 'Jeff Levine', 'Donna Woodrum']",['Horror'],7.5,1984
After We Fell,Castille Landon,"['Josephine Langford', 'Hero Fiennes Tiffin', 'Louise Lombard', 'Chance Perdomo', 'Rob Estes', 'Arielle Kebbel', 'Stephen Moyer', 'Mira Sorvino', 'Frances Turner', 'Kiana Madeira', 'Carter Jenkins', 'Atanas Srebrev', 'Anton Kottas', 'Emmanuel Todorov', 'Velizar Biney', 'Matthew Hall', 'Angela Sari', 'Simon Fick']",['Drama'],5.0,2021
365 Days,Barbara Bialowas,"['Anna Maria Sieklucka', 'Michele Morrone', 'Bronislaw Wroclawski', 'Otar Saralidze', 'Magdalena Lamparska', 'Natasza Urbanska', 'Grazyna Szapolowska', 'Tomasz Stockinger', 'Gianni Parisi', 'Mateusz Lasowski', 'Agnieszka Warchulska', 'Przemyslaw Sadowski', 'Michal Mikolajczak', 'Andrea Batti', 'Mateusz Grydlik', 'Natalia Janoszek', 'Lukasz Choron', 'Lukasz Dabrowski']","['Drama', 'Romance']",3.3,2020
Midsommar,Ari Aster,"['Florence Pugh', 'Jack Reynor', 'Vilhelm Blomgren', 'William Jackson Harper', 'Will Poulter', 'Ellora Torchia', 'Archie Madekwe', 'Henrik Norlén', 'Gunnel Fred', 'Isabelle Grill', 'Agnes Westerlund Rase', 'Julia Ragnarsson', 'Mats Blomgren', 'Lars Väringer', 'Anna Åström', 'Hampus Hallberg', 'Liv Mjönes', 'Louise Peterhoff']","['Drama', 'Horror', 'Mystery']",7.1,2019
Kate,Cedric Nicolas-Troyan,"['Mary Elizabeth Winstead', 'Woody Harrelson', 'Miku Patricia Martineau', 'Tadanobu Asano', 'Jun Kunimura', 'Michiel Huisman', 'Miyavi', 'Mari Yamamoto', 'Hirotaka Renge', 'Kazuya Tanabe', 'Cindy Sirinya Bishop', 'Amelia Crouch', 'Ava Caryofyllis', 'Gemma Brooke Allen', 'Hiroyuki Kobayashi', 'Koji Nishiyama', 'Kazuhiro Muroyama', 'Shinji Uchiyama']","['Action', 'Adventure', 'Crime']",6.2,2021
The Manor,Axelle Carolyn,"['Barbara Hershey', 'Bruce Davison', 'Nicholas Alexander', 'Jill Larson', 'Fran Bennett', 'Katie A. Keane', 'Ciera Payton', 'Nancy Linehan Charles', 'Shelley Robertson', 'Stacey Travis', 'Devin Kawaoka', 'Cissy Wellman', 'Robert Rusler', 'Andrew Tinpo Lee', 'Jessica Lee Keller', 'Belle Adams', ""Jaquita Ta'le"", 'Michele Hart']","['Horror', 'Mystery']",5.3,2021
Heat,Michael Mann,"['Al Pacino', 'Robert De Niro', 'Val Kilmer', 'Jon Voight', 'Tom Sizemore', 'Diane Venora', 'Amy Brenneman', 'Ashley Judd', 'Mykelti Williamson', 'Wes Studi', 'Ted Levine', 'Dennis Haysbert', 'William Fichtner', 'Natalie Portman', 'Tom Noonan', 'Kevin Gage', 'Hank Azaria', 'Susan Traylor']","['Crime', 'Drama', 'Thriller']",8.2,1995
The Addams Family,Barry Sonnenfeld,"['Anjelica Huston', 'Raul Julia', 'Christopher Lloyd', 'Dan Hedaya', 'Elizabeth Wilson', 'Judith Malina', 'Carel Struycken', 'Dana Ivey', 'Paul Benedict', 'Christina Ricci', 'Jimmy Workman', 'Christopher Hart', 'John Franklin', 'Tony Azito', 'Douglas Brian Martin', 'Steven M. Martin', 'Allegra Kent', 'Richard Korthaze']","['Comedy', 'Fantasy']",6.9,1991
Friday the 13th,Sean S. Cunningham,"['Betsy Palmer', 'Adrienne King', 'Jeannine Taylor', 'Robbi Morgan', 'Kevin Bacon', 'Harry Crosby', 'Laurie Bartram', 'Mark Nelson', 'Peter Brouwer', 'Rex Everhart', 'Ronn Carroll', 'Ron Millkie', 'Walt Gorney', 'Willie Adams', 'Debra S. Hayes', 'Dorothy Kobs', 'Sally Anne Golden', 'Mary Rocco']","['Horror', 'Mystery', 'Thriller']",6.4,1980
Infinite,Antoine Fuqua,"['Mark Wahlberg', 'Chiwetel Ejiofor', 'Sophie Cookson', ""Dylan O'Brien"", 'Jason Mantzoukas', 'Rupert Friend', 'Toby Jones', 'Jóhannes Haukur Jóhannesson', 'Liz Carr', 'Kae Alexander', 'Tom Hughes', 'Joana Ribeiro', 'Wallis Day', 'Alicia Charles', 'Mark Fleischmann', 'Lloyd Griffith', 'Jack Roth', 'Leon Annor']","['Action', 'Sci-Fi', 'Thriller']",5.5,2021
Halloween,Rob Zombie,"['Scout Taylor-Compton', 'Malcolm McDowell', 'Tyler Mane', 'Brad Dourif', 'Daeg Faerch', 'Sheri Moon Zombie', 'William Forsythe', 'Richard Lynch', 'Udo Kier', 'Clint Howard', 'Danny Trejo', 'Lew Temple', 'Tom Towles', 'Bill Moseley', 'Leslie Easterbrook', 'Steve Boyles', 'Danielle Harris', 'Skyler Gisondo']",['Horror'],6.1,2007
The Shawshank Redemption,Frank Darabont,"['Tim Robbins', 'Morgan Freeman', 'Bob Gunton', 'William Sadler', 'Clancy Brown', 'Gil Bellows', 'Mark Rolston', 'James Whitmore', 'Jeffrey DeMunn', 'Larry Brandenburg', 'Neil Giuntoli', 'Brian Libby', 'David Proval', 'Joseph Ragno', 'Jude Ciccolella', 'Paul McCrane', 'Renee Blaine', 'Scott Mann']",['Drama'],9.3,1994
Joker,Todd Phillips,"['Joaquin Phoenix', 'Robert De Niro', 'Zazie Beetz', 'Frances Conroy', 'Brett Cullen', 'Shea Whigham', 'Bill Camp', 'Glenn Fleshler', 'Leigh Gill', 'Josh Pais', 'Rocco Luna', 'Marc Maron', 'Sondra James', 'Murphy Guyer', 'Douglas Hodge', 'Dante Pereira-Olson', 'Carrie Louise Putrello', 'Sharon Washington']","['Crime', 'Drama', 'Thriller']",8.4,2019
Once Upon a Time... In Hollywood,Quentin Tarantino,"['Leonardo DiCaprio', 'Brad Pitt', 'Margot Robbie', 'Emile Hirsch', 'Margaret Qualley', 'Timothy Olyphant', 'Julia Butters', 'Austin Butler', 'Dakota Fanning', 'Bruce Dern', 'Mike Moh', 'Luke Perry', 'Damian Lewis', 'Al Pacino', 'Nicholas Hammond', 'Samantha Robinson', 'Rafal Zawierucha', 'Lorenza Izzo']","['Comedy', 'Drama']",7.6,2019
F9: The Fast Saga,Justin Lin,"['Vin Diesel', 'Michelle Rodriguez', 'Jordana Brewster', 'Tyrese Gibson', 'Ludacris', 'Nathalie Emmanuel', 'Charlize Theron', 'John Cena', 'Finn Cole', 'Sung Kang', 'Anna Sawai', 'Helen Mirren', 'Kurt Russell', 'Lucas Black', 'Shad Moss', 'Thue Ersted Rasmussen', 'Don Omar', 'Shea Whigham']","['Action', 'Adventure', 'Crime']",5.2,2021
Blade Runner 2049,Denis Villeneuve,"['Harrison Ford', 'Ryan Gosling', 'Ana de Armas', 'Dave Bautista', 'Robin Wright', 'Mark Arnold', 'Vilma Szécsi', 'Wood Harris', 'David Dastmalchian', 'Tómas Lemarquis', 'Sylvia Hoeks', 'Edward James Olmos', 'Jared Leto', 'Sallie Harmsen', 'Hiam Abbass', 'Mackenzie Davis', 'Krista Kosonen', 'Elarica Johnson']","['Action', 'Drama', 'Mystery']",8.0,2017
Halloween II,Rick Rosenthal,"['Jamie Lee Curtis', 'Donald Pleasence', 'Charles Cyphers', 'Jeffrey Kramer', 'Lance Guest', 'Pamela Susan Shoop', 'Hunter von Leer', 'Dick Warlock', 'Leo Rossi', 'Gloria Gifford', 'Tawny Moyer', 'Ana Alicia', 'Ford Rainey', 'Cliff Emmich', 'Nancy Stephens', 'John Zenda', 'Catherine Bergstrom', 'Alan Haufrect']",['Horror'],6.5,1981
The Tender Bar,George Clooney,"['Ben Affleck', 'Tye Sheridan', 'Daniel Ranieri', 'Lily Rabe', 'Christopher Lloyd', 'Max Martini', 'Rhenzy Feliz', 'Briana Middleton', 'Max Casella', 'Sondra James', 'Michael Braun', 'Matthew Delamater', 'Ivan Leung', 'Billy Meleady', 'Danielle Ranieri', 'Kate Avallone', 'Mark Boyett', 'Quincy Tyler Bernstine']",['Drama'],7.0,2021
The Addams Family,Greg Tiernan,"['Oscar Isaac', 'Charlize Theron', 'Chloë Grace Moretz', 'Finn Wolfhard', 'Nick Kroll', 'Snoop Dogg', 'Bette Midler', 'Allison Janney', 'Martin Short', ""Catherine O'Hara"", 'Tituss Burgess', 'Jenifer Lewis', 'Elsie Fisher', 'Conrad Vernon', 'Aimee Garcia', 'Scott Underwood', 'Mikey Madison', 'Chelsea Frei']","['Animation', 'Adventure', 'Comedy']",5.8,2019
Cry Macho,Clint Eastwood,"['Clint Eastwood', 'Dwight Yoakam', 'Daniel V. Graulau', 'Amber Lynn Ashley', 'Brytnee Ratledge', 'Alexandra Ruddy', 'Sebestien Soliz', 'Horacio Garcia Rojas', 'Ivan Hernandez', 'Fernanda Urrejola', 'Lincoln A. Castellanos', 'Eduardo Minett', 'Juan Mendoza Solis', 'Natalia Traven', 'Marco Rodríguez', 'Abiah Martinez', 'Ramona Thornton', 'Elida Munoz']","['Drama', 'Thriller', 'Western']",5.7,2021
No One Gets Out Alive,Santiago Menghini,"['Phil Robertson', 'Joana Borja', 'Victoria Alcock', 'Cristina Rodlo', 'Jose Palma', 'Pepa Duarte', 'Jeff Mirza', 'Moronke Akinola', 'Mitchell Mullen', 'Marc Menchaca', 'Vala Noren', 'Claudia Coulter', 'Cheherezada Oko', 'Teresa Banham', 'David Barrera', 'Alejandro Akara', 'David Figlioli', 'Cosmina Stratan']","['Drama', 'Horror', 'Mystery']",5.3,2021
Scream 4,Wes Craven,"['Neve Campbell', 'Courteney Cox', 'David Arquette', 'Lucy Hale', 'Roger Jackson', 'Shenae Grimes-Beech', 'Dane Farwell', 'Anna Paquin', 'Kristen Bell', 'Aimee Teegarden', 'Britt Robertson', 'Alison Brie', 'Hayden Panettiere', 'Emma Roberts', 'Marielle Jaffe', 'Marley Shelton', ""Nancy O'Dell"", 'Erik Knudsen']","['Horror', 'Mystery']",6.2,2011
The Nightmare Before Christmas,Henry Selick,"['Danny Elfman', 'Chris Sarandon', ""Catherine O'Hara"", 'William Hickey', 'Glenn Shadix', 'Paul Reubens', 'Ken Page', 'Edward Ivory', 'Susan McBride', 'Debi Durst', 'Greg Proops', 'Kerry Katz', 'Randy Crenshaw', 'Sherwood Ball', 'Carmen Twillie', 'Glenn Walters', 'Mia Brown', 'L. Peter Callender']","['Animation', 'Family', 'Fantasy']",8.0,1993
The Shining,Stanley Kubrick,"['Jack Nicholson', 'Shelley Duvall', 'Danny Lloyd', 'Scatman Crothers', 'Barry Nelson', 'Philip Stone', 'Joe Turkel', 'Anne Jackson', 'Tony Burton', 'Lia Beldam', 'Billie Gibson', 'Barry Dennen', 'David Baxt', 'Manning Redwood', 'Lisa Burns', 'Louise Burns', 'Robin Pappas', 'Alison Coleridge']","['Drama', 'Horror']",8.4,1980
Harry Potter and the Sorcerer's Stone,Chris Columbus,"['Daniel Radcliffe', 'Rupert Grint', 'Richard Harris', 'Maggie Smith', 'Robbie Coltrane', 'Saunders Triplets', 'Fiona Shaw', 'Harry Melling', 'Richard Griffiths', 'Derek Deadman', 'Ian Hart', 'Ben Borowiecki', 'Warwick Davis', 'Verne Troyer', 'John Hurt', 'Richard Bremmer', 'Geraldine Somerville', 'Harry Taylor']","['Adventure', 'Family', 'Fantasy']",7.6,2001
Till Death,S.K. Dale,"['Megan Fox', 'Eoin Macken', 'Callan Mulvey', 'Jack Roth', 'Aml Ameen', 'Stefanie Rozhko', 'Julian Balahurov', 'Lili Rich', 'Teodora Djuric']","['Horror', 'Thriller']",5.8,2021
Last Man Down,Fansu Njie,"['Daniel Stisen', 'Olga Kent', 'Daniel Nehme', 'Stanislav Yanevski', 'Madeleine Vall', 'Natassia Malthe', 'Stephanie Siadatan', 'Robert Follin', 'Michael Billington', 'Pasi Antero Remsu', 'Kamil Lemieszewski', 'Veera Seppälä', 'Kenneth Wolf Andersen Haugen', 'Sam Hardy', 'Marcus Alexander Bakkenberg', 'Christian Renè Wold', 'John Smith Kabashi', 'Magne Osnes']",['Action'],4.8,2021
Snake Eyes,Robert Schwentke,"['Henry Golding', 'Andrew Koji', 'Haruka Abe', 'Takehiro Hira', 'Eri Ishida', 'Iko Uwais', 'Peter Mensah', 'Úrsula Corberó', 'Samara Weaving', 'Samuel Finzi', 'Steven Allerick', 'Max Archibald', 'Simon Chin', 'Derrick de Villiers', 'Kento Matsunami', 'James Hiroyuki Liao', 'Kenji Tanigaki', 'Dean Muhtadi']","['Action', 'Adventure', 'Fantasy']",5.4,2021
The Wolf of Wall Street,Martin Scorsese,"['Leonardo DiCaprio', 'Jonah Hill', 'Margot Robbie', 'Matthew McConaughey', 'Kyle Chandler', 'Rob Reiner', 'Jon Bernthal', 'Jon Favreau', 'Jean Dujardin', 'Joanna Lumley', 'Cristin Milioti', 'Christine Ebersole', 'Shea Whigham', 'Katarina Cas', 'P.J. Byrne', 'Kenneth Choi', 'Brian Sacca', 'Henry Zebrowski']","['Biography', 'Comedy', 'Crime']",8.2,2013
Avengers: Endgame,Anthony Russo,"['Robert Downey Jr.', 'Chris Evans', 'Mark Ruffalo', 'Chris Hemsworth', 'Scarlett Johansson', 'Jeremy Renner', 'Don Cheadle', 'Paul Rudd', 'Benedict Cumberbatch', 'Chadwick Boseman', 'Brie Larson', 'Tom Holland', 'Karen Gillan', 'Zoe Saldana', 'Evangeline Lilly', 'Tessa Thompson', 'Rene Russo', 'Elizabeth Olsen']","['Action', 'Adventure', 'Drama']",8.4,2019
The Voyeurs,Michael Mohan,"['Sydney Sweeney', 'Justice Smith', 'Ben Hardy', 'Natasha Liu Bordizzo', 'Katharine King So', 'Cameo Adele', 'Jean Yoon', 'Cait Alexander', 'Blessing Adedijo', 'Bianca Blizzard', 'Sandrine Bergeron', 'Emily Shelton', 'Ryo Hayashida', 'Inka Malovic', 'Jillian Harris', 'Madelline Harvey', 'Abdul Ayoola', 'Derek Johns']","['Drama', 'Mystery', 'Thriller']",5.9,2021
The Starling,Theodore Melfi,"['Melissa McCarthy', ""Chris O'Dowd"", 'Kevin Kline', 'Timothy Olyphant', 'Daveed Diggs', 'Skyler Gisondo', 'Laura Harrier', 'Rosalind Chao', 'Kimberly Quinn', 'Loretta Devine', 'Jesse Garcia', 'Edi Patterson', 'Emily Tremaine', 'Dickson Obahor', 'Ravi Kapoor', 'Owen Atlas', 'Gustavo Gomez', 'Carla Gallo']","['Comedy', 'Drama']",6.3,2021
The Card Counter,Paul Schrader,"['Oscar Isaac', 'Tiffany Haddish', 'Tye Sheridan', 'Willem Dafoe', 'Alexander Babara', 'Bobby C. King', 'Ekaterina Baker', 'Bryan Truong', 'Dylan Flashner', 'Adrienne Lau', 'Joel Michaely', 'Rachel Michiko Whitney', 'Muhsin Fliah', 'Joseph Singletary', 'Kirill Sheynerman', 'Amia Edwards', 'Britton Webb', 'Amye Gousset']","['Crime', 'Drama', 'Thriller']",6.2,2021
Fight Club,David Fincher,"['Brad Pitt', 'Edward Norton', 'Meat Loaf', 'Zach Grenier', 'Richmond Arquette', 'David Andrews', 'George Maguire', 'Eugenie Bondurant', 'Helena Bonham Carter', 'Christina Cabot', ""Sydney 'Big Dawg' Colston"", 'Rachel Singer', 'Christie Cronenweth', 'Tim DeZarn', 'Ezra Buzzington', 'Dierdre Downing-Jackson', 'Bob Stephenson', 'Charlie Dell']",['Drama'],8.8,1999
Jungle Cruise,Jaume Collet-Serra,"['Dwayne Johnson', 'Emily Blunt', 'Edgar Ramírez', 'Jack Whitehall', 'Jesse Plemons', 'Paul Giamatti', 'Veronica Falcón', 'Dani Rovira', 'Quim Gutiérrez', 'Dan Dargan Carter', 'Andy Nyman', 'Raphael Alejandro', 'Simone Lockhart', 'Pedro Lopez', 'Sulem Calderon', 'Sebastian Blunt', 'Mark Ashworth', 'Allan Poppleton']","['Action', 'Adventure', 'Comedy']",6.6,2021
Beetlejuice,Tim Burton,"['Alec Baldwin', 'Geena Davis', 'Michael Keaton', 'Annie McEnroe', 'Maurice Page', 'Hugo Stanger', 'Rachel Mittelman', ""Catherine O'Hara"", 'J. Jay Saunders', 'Mark Ettlinger', 'Jeffrey Jones', 'Winona Ryder', 'Glenn Shadix', 'Patrice Martinez', 'Cindy Daly', 'Douglas Turner', 'Carmen Filpi', 'Simmy Bow']","['Comedy', 'Fantasy']",7.5,1988
The Matrix,Lana Wachowski,"['Keanu Reeves', 'Laurence Fishburne', 'Carrie-Anne Moss', 'Hugo Weaving', 'Gloria Foster', 'Joe Pantoliano', 'Marcus Chong', 'Julian Arahanga', 'Matt Doran', 'Belinda McClory', 'Anthony Ray Parker', 'Paul Goddard', 'Robert Taylor', 'David Aston', 'Marc Aden Gray', 'Ada Nicodemou', 'Deni Gordon', 'Rowan Witt']","['Action', 'Sci-Fi']",8.7,1999
Tenet,Christopher Nolan,"['John David Washington', 'Robert Pattinson', 'Elizabeth Debicki', 'Juhan Ulfsak', 'Jefferson Hall', 'Ivo Uukkivi', 'Andrew Howard', 'Rich Ceraulo Ko', 'Jonathan Camp', 'Wes Chatham', 'Sander Rebane', 'Martin Donovan', 'Clémence Poésy', 'Josh Stewart', 'Dimple Kapadia', 'Denzil Smith', 'Jeremy Theobald', 'Michael Caine']","['Action', 'Sci-Fi', 'Thriller']",7.4,2020
It,Andy Muschietti,"['Bill Skarsgård', 'Jaeden Martell', 'Finn Wolfhard', 'Sophia Lillis', 'Jeremy Ray Taylor', 'Chosen Jacobs', 'Jack Dylan Grazer', 'Wyatt Oleff', 'Nicholas Hamilton', 'Jake Sim', 'Logan Thompson', 'Owen Teague', 'Jackson Robert Scott', 'Stephen Bogaert', 'Stuart Hughes', 'Geoffrey Pounsett', 'Pip Dwyer', 'Molly Atkinson']",['Horror'],7.3,2017
The Guilty,Gustav Möller,"['Jakob Cedergren', 'Jessica Dinnage', 'Omar Shargawi', 'Johan Gotthardt Olsen', 'Jacob Lohmann', 'Katinka Evers-Jahnsen', 'Jeanette Lindbæk', 'Simon Bennebjerg', 'Laura Bro', 'Morten Suurballe', 'Guuled Abdi Youssef', 'Caroline Løppke', 'Peter Christoffersen', 'Nicolai Wendelboe', 'Morten Thunbo', 'Maria Gersby', 'Anders Brink Madsen', 'Tommy Bach']","['Crime', 'Drama', 'Thriller']",7.5,2018
Interstellar,Christopher Nolan,"['Matthew McConaughey', 'Anne Hathaway', 'Jessica Chastain', 'Mackenzie Foy', 'Ellen Burstyn', 'John Lithgow', 'Timothée Chalamet', 'David Oyelowo', 'Collette Wolfe', 'Francis X. McCarthy', 'Bill Irwin', 'Andrew Borba', 'Wes Bentley', 'William Devane', 'Michael Caine', 'David Gyasi', 'Josh Stewart', 'Casey Affleck']","['Adventure', 'Drama', 'Sci-Fi']",8.6,2014
